{
  // ==================================================
  //  Basics
  // ==================================================
  "code": "respawntablet",
  "class": "RespawnTablet",
  "mainPurpose": "Similar to, but legally distinct from, a Totem of Undying.",

  // ==================================================
  //  Shape
  // ==================================================
  "drawType": "JSON",
  "shape": {
    "base": "item/respawntablet"
  },
  "sideSolid": {
    "all": "false"
  },
  "sideOpaque": {
    "all": "false"
  },
  "textures": {
    "core": {
      "base": "block/respawnbeacon/respawnbeacon-face"
    },
    "tablet": {
      "base": "game:block/metal/sheet/meteoriciron1"
    },
    "frame": {
      "base": "game:block/metal/sheet/gold2"
    }
  },

  // ==================================================
  //  Inventory
  // ==================================================
  "creativeInventory": {
    "general": [
      "*"
    ],
    "items": [
      "*"
    ],
    "tools": [
      "*"
    ]
  },

  // ==================================================
  //  Materials
  // ==================================================
  "blockMaterial": "Metal",
  "replaceable": 0,
  "resistance": 90,

  // ==================================================
  //  Attributes
  // ==================================================
  "storageFlags": 267,
  "maxStackSize": 1,
  "attributes": {
    "rackable": true,
    "toolRackTransform": {
      "translation": {
        "x": 0.35,
        "y": 0.1,
        "z": 0
      },
      "rotation": {
        "x": 90,
        "y": 14,
        "z": 0
      },
      "scale": 0.5
    },
    "groundStorageTransform": {
      "rotation": {
        "x": 24,
        "y": 1,
        "z": 0
      },
      "origin": {
        "x": 0.5,
        "y": -0.16,
        "z": 0.89
      },
      "scale": 0.5
    },
    "slotRefillIdentifier": "respawntablet",
    "handbook": {
      "extraSections": [
        {
          "title": "respawntools:handbooktitle-respawntablet-usage",
          "text": "respawntools:handbooktext-respawntablet-usage"
        },
        {
          "title": "respawntools:handbooktitle-respawntablet-effect",
          "text": "respawntools:handbooktext-respawntablet-effect"
        }
      ]
    }
  },

  // ==================================================
  //  Behaviours
  // ==================================================
  "behaviors": [
    {
      "name": "RespawnPlayerOnDeath"
    },
    {
      "name": "PreventPlayerDeath"
    },
    {
      "name": "ConsumeOnDeath"
    },
    {
      "name": "GroundStorable",
      "properties": {
        "layout": "WallHalves",
        "wallOffY": 1,
        "sprintKey": true,
        "selectionBox": {
          "x1": 0,
          "y1": 0,
          "z1": 0,
          "x2": 1,
          "y2": 0.1,
          "z2": 1
        },
        "collisionBox": {
          "x1": 0,
          "y1": 0,
          "z1": 0,
          "x2": 0,
          "y2": 0,
          "z2": 0
        }
      }
    }
  ],

  // ==================================================
  //  Lighting
  // ==================================================
  "lightAbsorption": 0,
  "lightHSV": [
    4,
    3,
    18
  ],
  "vertexFlags": {
    "glowLevel": 128
  },

  // ==================================================
  //  Tool Properties
  // ==================================================
  "tool": "axe",
  "toolTier": 5,
  "miningSpeed": {
    "wood": 0.5,
    "plant": 1.0,
    "leaves": 1.0,
    "ceramic": 1.0,
    "stone": 0.1,
    "ore": 0.1,
    "metal": 0.1,
    "ice": 1.0,
    "soil": 0.5,
    "sand": 0.5,
    "gravel": 0.5,
    "snow": 1.0
  },
  "attackPower": 2.5,
  "attackRange": 2,

  // ==================================================
  //  Animation
  // ==================================================
  "heldLeftTpIdleAnimation": "holdinglanternlefthand",
  "heldTpHitAnimation": "axechop",

  // ==================================================
  //  Rendering
  // ==================================================
  "guiTransform": {
    "translation": {
      "x": 0,
      "y": 0,
      "z": 0
    },
    "rotation": {
      "x": 1,
      "y": 33,
      "z": 63
    },
    "origin": {
      "x": 0.5,
      "y": 0.5,
      "z": 0.5
    },
    "scale": 1.2
  },
  "fpHandTransform": {
    "translation": {
      "x": 0.3,
      "y": 0,
      "z": 0
    },
    "rotation": {
      "x": 0,
      "y": 0,
      "z": 0
    },
    "origin": {
      "x": 0,
      "y": 0,
      "z": 0
    },
    "scale": 1.69
  },
  "groundTransform": {
    "translation": {
      "x": 0,
      "y": 0,
      "z": 0
    },
    "rotation": {
      "x": -90,
      "y": 0,
      "z": 0
    },
    "origin": {
      "x": 0.5,
      "y": -0.1,
      "z": 0.5
    }
  },
  "tpHandTransform": {
    "translation": {
      "x": 0,
      "y": 1,
      "z": 0
    },
    "rotation": {
      "x": -61,
      "y": -17,
      "z": -57
    },
    "origin": {
      "x": 0,
      "y": 0,
      "z": 0
    },
    "scale": 0.25
  },
  "tpOffHandTransform": {
    "translation": {
      "x": -1.75,
      "y": -0.6,
      "z": -0.3
    },
    "rotation": {
      "x": 90,
      "y": 0,
      "z": 0
    },
    "origin": {
      "x": 0.5,
      "y": 0,
      "z": 0
    },
    "scale": 0.25
  }
}