{
  "type": "Code",
  "name": "Respawn Tools",
  "modId": "respawntools",
  "side": "Universal",
  "description": "Adds tools for servers, to alter the consequences of death, and respawning.",
  "version": "1.3.4",
  "website": "https://apachetech.co.uk",
  "authors": [
    "ApacheTech Solutions"
  ],
  "contributors": [
    "ApacheTech Solutions"
  ],
  "requiredOnClient": true,
  "requiredOnServer": true,
  "networkVersion": "1.0.0",
  "iconPath": "modicon.png",
  "dependencies": {
    "game": "1.19.8"
  }
}